Time,Symbol,Price,Quantity,Type,Status,Value,Tag
2022-01-03T15:10:00Z,NQ18H22,16358.25,1,Market,Filled,16358.25,"" 
2022-01-04T15:13:00Z,NQ18H22,16390.25,-1,Market,Filled,-16390.25,"Liquidated" 
2022-01-04T15:14:00Z,NQ18H22,16382.25,-1,Market,Filled,-16382.25,"" 
2022-03-19T04:00:00Z,NQ18H22,14050,1,Market,Filled,14050,"Liquidate from delisting" 
2022-03-21T14:06:00Z,NQ17M22,14290.5,-1,Market,Filled,-14290.5,"" 
2022-03-21T17:39:00Z,NQ17M22,14263.75,1,Market,Filled,14263.75,"Liquidated" 
2022-03-21T17:40:00Z,NQ17M22,14254.75,1,Market,Filled,14254.75,"" 
2022-03-21T18:56:00Z,NQ17M22,14277,-1,Market,Filled,-14277,"Liquidated" 
2022-03-21T18:57:00Z,NQ17M22,14277.5,-1,Market,Filled,-14277.5,"" 
2022-04-08T13:59:00Z,NQ17M22,14317.75,1,Market,Filled,14317.75,"Liquidated" 
2022-04-08T14:00:00Z,NQ17M22,14322.75,-1,Market,Filled,-14322.75,"" 
2022-04-08T18:35:00Z,NQ17M22,14345.75,1,Market,Filled,14345.75,"Liquidated" 
2022-04-08T18:36:00Z,NQ17M22,14346.75,-1,Market,Filled,-14346.75,"" 
2022-04-08T19:37:00Z,NQ17M22,14359.5,1,Market,Filled,14359.5,"Liquidated" 
2022-04-08T19:38:00Z,NQ17M22,14358,-1,Market,Filled,-14358,"" 
2022-06-18T04:00:00Z,NQ17M22,11142.125,1,Market,Filled,11142.125,"Liquidate from delisting" 
2022-06-21T13:45:00Z,NQ16U22,11585.5,1,Market,Filled,11585.5,"" 
2022-06-21T18:01:00Z,NQ16U22,11601.5,-1,Market,Filled,-11601.5,"Liquidated" 
2022-06-21T18:41:00Z,NQ16U22,11598.5,-2,Market,Filled,-23197,"" 
2022-06-21T19:42:00Z,NQ16U22,11598,2,Market,Filled,23196,"Liquidated" 
2022-06-22T13:45:00Z,NQ16U22,11520.25,-1,Market,Filled,-11520.25,"" 
2022-06-23T13:46:00Z,NQ16U22,11575.5,1,Market,Filled,11575.5,"Liquidated" 
2022-06-23T13:47:00Z,NQ16U22,11607.25,1,Market,Filled,11607.25,"" 
2022-06-23T17:15:00Z,NQ16U22,11587,-1,Market,Filled,-11587,"Liquidated" 
2022-06-23T17:16:00Z,NQ16U22,11584.5,1,Market,Filled,11584.5,"" 
2022-06-29T13:45:00Z,NQ16U22,11583.25,-1,Market,Filled,-11583.25,"Liquidated" 
2022-06-29T13:46:00Z,NQ16U22,11575.25,-1,Market,Filled,-11575.25,"" 
2022-06-30T15:24:00Z,NQ16U22,11559.25,1,Market,Filled,11559.25,"Liquidated" 
2022-06-30T15:25:00Z,NQ16U22,11553,1,Market,Filled,11553,"" 
2022-06-30T17:15:00Z,NQ16U22,11570.75,-1,Market,Filled,-11570.75,"Liquidated" 
2022-06-30T17:16:00Z,NQ16U22,11573.5,-1,Market,Filled,-11573.5,"" 
2022-06-30T18:25:00Z,NQ16U22,11591,1,Market,Filled,11591,"Liquidated" 
2022-06-30T18:26:00Z,NQ16U22,11577.75,-1,Market,Filled,-11577.75,"" 
2022-06-30T19:30:00Z,NQ16U22,11553.5,1,Market,Filled,11553.5,"Liquidated" 
2022-06-30T19:31:00Z,NQ16U22,11548.75,1,Market,Filled,11548.75,"" 
2022-07-01T13:46:00Z,NQ16U22,11516,-1,Market,Filled,-11516,"Liquidated" 
2022-07-01T13:47:00Z,NQ16U22,11543,1,Market,Filled,11543,"" 
2022-07-01T15:09:00Z,NQ16U22,11501.25,-1,Market,Filled,-11501.25,"Liquidated" 
2022-07-01T15:10:00Z,NQ16U22,11500.25,1,Market,Filled,11500.25,"" 
2022-07-01T17:31:00Z,NQ16U22,11479.5,-1,Market,Filled,-11479.5,"Liquidated" 
2022-07-01T17:32:00Z,NQ16U22,11488,2,Market,Filled,22976,"" 
2022-07-05T13:47:00Z,NQ16U22,11442.25,-2,Market,Filled,-22884.5,"Liquidated" 
2022-07-05T13:48:00Z,NQ16U22,11460,-1,Market,Filled,-11460,"" 
2022-07-05T15:03:00Z,NQ16U22,11496.5,1,Market,Filled,11496.5,"Liquidated" 
2022-07-05T15:04:00Z,NQ16U22,11498.25,-1,Market,Filled,-11498.25,"" 
2022-07-14T14:02:00Z,NQ16U22,11532.5,1,Market,Filled,11532.5,"Liquidated" 
2022-07-14T14:03:00Z,NQ16U22,11532.75,-1,Market,Filled,-11532.75,"" 
2022-09-17T04:00:00Z,NQ16U22,11811.25,1,Market,Filled,11811.25,"Liquidate from delisting" 
2022-09-19T14:06:00Z,NQ16Z22,11901.5,-1,Market,Filled,-11901.5,"" 
2022-09-19T15:22:00Z,NQ16Z22,11929.5,1,Market,Filled,11929.5,"Liquidated" 
2022-09-19T15:23:00Z,NQ16Z22,11935.25,-1,Market,Filled,-11935.25,"" 
2022-09-19T17:20:00Z,NQ16Z22,11920.75,1,Market,Filled,11920.75,"Liquidated" 
2022-09-19T18:24:00Z,NQ16Z22,11898.5,-2,Market,Filled,-23797,"" 
2022-09-20T13:45:00Z,NQ16Z22,11900.25,2,Market,Filled,23800.5,"Liquidated" 
2022-09-20T13:46:00Z,NQ16Z22,11897.5,-1,Market,Filled,-11897.5,"" 
2022-09-20T14:49:00Z,NQ16Z22,11927.5,1,Market,Filled,11927.5,"Liquidated" 
2022-09-20T14:50:00Z,NQ16Z22,11938.75,1,Market,Filled,11938.75,"" 
2022-09-20T17:15:00Z,NQ16Z22,11921.5,-1,Market,Filled,-11921.5,"Liquidated" 
2022-09-20T17:33:00Z,NQ16Z22,11865.75,-2,Market,Filled,-23731.5,"" 
2022-09-20T18:34:00Z,NQ16Z22,11860.5,2,Market,Filled,23721,"Liquidated" 
2022-09-20T18:46:00Z,NQ16Z22,11889.5,1,Market,Filled,11889.5,"" 
2022-09-21T18:01:00Z,NQ16Z22,11875,-1,Market,Filled,-11875,"Liquidated" 
2022-09-21T18:02:00Z,NQ16Z22,11917.75,-1,Market,Filled,-11917.75,"" 
2022-09-21T19:11:00Z,NQ16Z22,11933.5,1,Market,Filled,11933.5,"Liquidated" 
2022-09-21T19:12:00Z,NQ16Z22,11922,-1,Market,Filled,-11922,"" 
2022-11-15T14:55:00Z,NQ16Z22,11967.75,1,Market,Filled,11967.75,"Liquidated" 
2022-11-15T14:56:00Z,NQ16Z22,11987.75,1,Market,Filled,11987.75,"" 
2022-11-15T15:57:00Z,NQ16Z22,11996.25,-1,Market,Filled,-11996.25,"Liquidated" 
2022-11-15T15:58:00Z,NQ16Z22,11998.5,-1,Market,Filled,-11998.5,"" 
2022-11-30T20:33:00Z,NQ16Z22,11986.5,1,Market,Filled,11986.5,"Liquidated" 
2022-11-30T20:38:00Z,NQ16Z22,11982.75,2,Market,Filled,23965.5,"" 
2022-12-01T15:13:00Z,NQ16Z22,12013.5,-2,Market,Filled,-24027,"Liquidated" 
2022-12-01T15:14:00Z,NQ16Z22,12000.75,-1,Market,Filled,-12000.75,"" 
2022-12-01T16:16:00Z,NQ16Z22,12022,1,Market,Filled,12022,"Liquidated" 
2022-12-01T16:17:00Z,NQ16Z22,12023.5,-1,Market,Filled,-12023.5,"" 
2022-12-01T18:18:00Z,NQ16Z22,12043,1,Market,Filled,12043,"Liquidated" 
2022-12-01T18:19:00Z,NQ16Z22,12021.75,-2,Market,Filled,-24043.5,"" 
2022-12-02T20:04:00Z,NQ16Z22,12005.5,2,Market,Filled,24011,"Liquidated" 
2022-12-05T14:45:00Z,NQ16Z22,11953.5,-1,Market,Filled,-11953.5,"" 
2022-12-05T16:09:00Z,NQ16Z22,11934.5,1,Market,Filled,11934.5,"Liquidated" 
2022-12-06T14:45:00Z,NQ16Z22,11722.75,-1,Market,Filled,-11722.75,"" 
2022-12-09T16:00:00Z,NQ16Z22,11704.75,1,Market,Filled,11704.75,"Liquidated" 
2022-12-09T16:01:00Z,NQ16Z22,11699.75,1,Market,Filled,11699.75,"" 
2022-12-17T05:00:00Z,NQ16Z22,11300,-1,Market,Filled,-11300,"Liquidate from delisting" 
2022-12-19T15:06:00Z,NQ17H23,11238.75,-1,Market,Filled,-11238.75,"" 
2022-12-19T16:07:00Z,NQ17H23,11221,1,Market,Filled,11221,"Liquidated" 
2022-12-20T14:45:00Z,NQ17H23,11083.75,-1,Market,Filled,-11083.75,"" 
2022-12-20T16:29:00Z,NQ17H23,11107.25,1,Market,Filled,11107.25,"Liquidated" 
2022-12-20T16:30:00Z,NQ17H23,11114,-1,Market,Filled,-11114,"" 
2022-12-22T14:45:00Z,NQ17H23,11117.75,1,Market,Filled,11117.75,"Liquidated" 
2022-12-22T14:46:00Z,NQ17H23,11093.5,-1,Market,Filled,-11093.5,"" 
2022-12-23T15:19:00Z,NQ17H23,11042,1,Market,Filled,11042,"Liquidated" 
2022-12-23T15:20:00Z,NQ17H23,11043.5,1,Market,Filled,11043.5,"" 
2022-12-23T16:21:00Z,NQ17H23,11022.5,-1,Market,Filled,-11022.5,"Liquidated" 
2022-12-23T16:22:00Z,NQ17H23,11036.25,1,Market,Filled,11036.25,"" 
2022-12-23T18:15:00Z,NQ17H23,11028.5,-1,Market,Filled,-11028.5,"Liquidated" 
2022-12-23T18:17:00Z,NQ17H23,11046,-2,Market,Filled,-22092,"" 
2022-12-23T19:18:00Z,NQ17H23,11054,2,Market,Filled,22108,"Liquidated" 
2022-12-27T14:45:00Z,NQ17H23,10955.25,-1,Market,Filled,-10955.25,"" 
2022-12-27T15:56:00Z,NQ17H23,10972.25,1,Market,Filled,10972.25,"Liquidated" 
2022-12-27T15:57:00Z,NQ17H23,10976.5,-1,Market,Filled,-10976.5,"" 
2022-12-28T14:45:00Z,NQ17H23,10959.75,1,Market,Filled,10959.75,"Liquidated" 
2022-12-28T14:46:00Z,NQ17H23,10969,1,Market,Filled,10969,"" 
2022-12-29T14:45:00Z,NQ17H23,10949.5,-1,Market,Filled,-10949.5,"Liquidated" 
2022-12-29T14:46:00Z,NQ17H23,10953,1,Market,Filled,10953,"" 
2022-12-30T14:45:00Z,NQ17H23,10923.5,-1,Market,Filled,-10923.5,"Liquidated" 
2022-12-30T14:46:00Z,NQ17H23,10912.5,-1,Market,Filled,-10912.5,"" 
2022-12-30T15:57:00Z,NQ17H23,10935,1,Market,Filled,10935,"Liquidated" 
2022-12-30T15:58:00Z,NQ17H23,10929.25,2,Market,Filled,21858.5,"" 
2022-12-30T18:15:00Z,NQ17H23,10934.75,-2,Market,Filled,-21869.5,"Liquidated" 
2023-01-03T14:45:00Z,NQ17H23,11138,1,Market,Filled,11138,"" 
2023-01-06T19:22:00Z,NQ17H23,11123,-1,Market,Filled,-11123,"Liquidated" 
2023-01-09T14:45:00Z,NQ17H23,11242.75,1,Market,Filled,11242.75,"" 
2023-01-09T19:49:00Z,NQ17H23,11263.25,-1,Market,Filled,-11263.25,"Liquidated" 
2023-01-09T20:00:00Z,NQ17H23,11226.5,-2,Market,Filled,-22453,"" 
2023-01-10T14:45:00Z,NQ17H23,11193.75,2,Market,Filled,22387.5,"Liquidated" 
2023-01-10T14:46:00Z,NQ17H23,11193.5,1,Market,Filled,11193.5,"" 
2023-01-10T15:51:00Z,NQ17H23,11166,-1,Market,Filled,-11166,"Liquidated" 
2023-01-10T15:52:00Z,NQ17H23,11184,-1,Market,Filled,-11184,"" 
2023-03-18T04:00:00Z,NQ17H23,12595.375,1,Market,Filled,12595.375,"Liquidate from delisting" 
2023-03-20T14:06:00Z,NQ16M23,12607.75,1,Market,Filled,12607.75,"" 
2023-06-17T04:00:00Z,NQ16M23,15325.625,-1,Market,Filled,-15325.625,"Liquidate from delisting" 
2023-06-20T13:45:00Z,NQ15U23,15275.25,1,Market,Filled,15275.25,"" 
2023-06-20T17:15:00Z,NQ15U23,15261,-1,Market,Filled,-15261,"Liquidated" 
2023-06-21T13:45:00Z,NQ15U23,15183.5,-1,Market,Filled,-15183.5,"" 
2023-06-22T18:54:00Z,NQ15U23,15168.75,1,Market,Filled,15168.75,"Liquidated" 
2023-06-23T13:45:00Z,NQ15U23,15027,-1,Market,Filled,-15027,"" 
2023-06-23T14:52:00Z,NQ15U23,15043,1,Market,Filled,15043,"Liquidated" 
2023-06-23T14:53:00Z,NQ15U23,15044.75,-1,Market,Filled,-15044.75,"" 
2023-06-23T18:46:00Z,NQ15U23,15050,1,Market,Filled,15050,"Liquidated" 
2023-06-23T18:47:00Z,NQ15U23,15065.5,-2,Market,Filled,-30131,"" 
2023-06-26T13:45:00Z,NQ15U23,15085.25,2,Market,Filled,30170.5,"Liquidated" 
2023-06-26T13:46:00Z,NQ15U23,15087.75,2,Market,Filled,30175.5,"" 
2023-06-26T14:47:00Z,NQ15U23,15069.75,-2,Market,Filled,-30139.5,"Liquidated" 
2023-06-26T14:48:00Z,NQ15U23,15077.5,-1,Market,Filled,-15077.5,"" 
2023-06-27T17:19:00Z,NQ15U23,15066.25,1,Market,Filled,15066.25,"Liquidated" 
2023-06-28T13:45:00Z,NQ15U23,15064.25,1,Market,Filled,15064.25,"" 
2023-06-28T17:17:00Z,NQ15U23,15088,-1,Market,Filled,-15088,"Liquidated" 
2023-06-28T17:18:00Z,NQ15U23,15088,-1,Market,Filled,-15088,"" 
2023-06-28T19:03:00Z,NQ15U23,15104.5,1,Market,Filled,15104.5,"Liquidated" 
2023-06-28T19:08:00Z,NQ15U23,15076.25,-2,Market,Filled,-30152.5,"" 
2023-06-29T13:45:00Z,NQ15U23,15087.75,2,Market,Filled,30175.5,"Liquidated" 
2023-06-29T13:46:00Z,NQ15U23,15080.75,-1,Market,Filled,-15080.75,"" 
2023-06-29T14:50:00Z,NQ15U23,15051.5,1,Market,Filled,15051.5,"Liquidated" 
2023-06-29T14:51:00Z,NQ15U23,15055,-1,Market,Filled,-15055,"" 
2023-06-29T17:46:00Z,NQ15U23,15072.75,1,Market,Filled,15072.75,"Liquidated" 
2023-06-30T13:45:00Z,NQ15U23,15299,1,Market,Filled,15299,"" 
2023-07-03T14:44:00Z,NQ15U23,15318.75,-1,Market,Filled,-15318.75,"Liquidated" 
2023-07-05T13:45:00Z,NQ15U23,15380.75,1,Market,Filled,15380.75,"" 
2023-07-05T14:48:00Z,NQ15U23,15399,-1,Market,Filled,-15399,"Liquidated" 
2023-07-06T13:45:00Z,NQ15U23,15175.25,-1,Market,Filled,-15175.25,"" 
2023-07-06T14:46:00Z,NQ15U23,15162.75,1,Market,Filled,15162.75,"Liquidated" 
2023-07-06T14:53:00Z,NQ15U23,15142.5,-2,Market,Filled,-30285,"" 
2023-07-10T13:45:00Z,NQ15U23,15167.5,2,Market,Filled,30335,"Liquidated" 
2023-07-10T13:46:00Z,NQ15U23,15170.75,-1,Market,Filled,-15170.75,"" 
2023-07-10T14:47:00Z,NQ15U23,15157.5,1,Market,Filled,15157.5,"Liquidated" 
2023-07-10T14:48:00Z,NQ15U23,15154.75,-1,Market,Filled,-15154.75,"" 
2023-07-10T17:15:00Z,NQ15U23,15152.5,1,Market,Filled,15152.5,"Liquidated" 
2023-07-11T13:45:00Z,NQ15U23,15166.75,-1,Market,Filled,-15166.75,"" 
2023-07-11T15:17:00Z,NQ15U23,15181.75,1,Market,Filled,15181.75,"Liquidated" 
2023-07-11T15:18:00Z,NQ15U23,15172.5,-2,Market,Filled,-30345,"" 
2023-07-11T17:23:00Z,NQ15U23,15190,2,Market,Filled,30380,"Liquidated" 
2023-07-12T13:45:00Z,NQ15U23,15430.25,1,Market,Filled,15430.25,"" 
2023-07-12T15:06:00Z,NQ15U23,15445,-1,Market,Filled,-15445,"Liquidated" 
2023-07-13T13:45:00Z,NQ15U23,15604.75,1,Market,Filled,15604.75,"" 
2023-07-13T14:46:00Z,NQ15U23,15609.25,-1,Market,Filled,-15609.25,"Liquidated" 
2023-07-13T14:49:00Z,NQ15U23,15597,2,Market,Filled,31194,"" 
2023-07-20T18:29:00Z,NQ15U23,15615,-2,Market,Filled,-31230,"Liquidated" 
2023-07-20T19:18:00Z,NQ15U23,15558.5,-2,Market,Filled,-31117,"" 
2023-07-21T14:03:00Z,NQ15U23,15595.25,2,Market,Filled,31190.5,"Liquidated" 
2023-07-21T14:04:00Z,NQ15U23,15580,-1,Market,Filled,-15580,"" 
2023-07-21T15:05:00Z,NQ15U23,15585.75,1,Market,Filled,15585.75,"Liquidated" 
2023-07-21T15:06:00Z,NQ15U23,15597,1,Market,Filled,15597,"" 
2023-07-21T17:15:00Z,NQ15U23,15606.75,-1,Market,Filled,-15606.75,"Liquidated" 
2023-07-21T19:21:00Z,NQ15U23,15557.75,-2,Market,Filled,-31115.5,"" 
2023-07-24T13:47:00Z,NQ15U23,15559.25,2,Market,Filled,31118.5,"Liquidated" 
2023-07-24T13:48:00Z,NQ15U23,15563.25,1,Market,Filled,15563.25,"" 
2023-07-24T14:49:00Z,NQ15U23,15556,-1,Market,Filled,-15556,"Liquidated" 
2023-07-24T14:50:00Z,NQ15U23,15555.75,-1,Market,Filled,-15555.75,"" 
2023-07-24T17:15:00Z,NQ15U23,15555.5,1,Market,Filled,15555.5,"Liquidated" 
2023-07-25T13:45:00Z,NQ15U23,15624.75,2,Market,Filled,31249.5,"" 
2023-07-25T14:46:00Z,NQ15U23,15630,-2,Market,Filled,-31260,"Liquidated" 
2023-07-26T13:45:00Z,NQ15U23,15601.5,-1,Market,Filled,-15601.5,"" 
2023-07-26T14:46:00Z,NQ15U23,15593.75,1,Market,Filled,15593.75,"Liquidated" 
2023-07-26T14:59:00Z,NQ15U23,15533.25,-2,Market,Filled,-31066.5,"" 
2023-07-26T17:24:00Z,NQ15U23,15544.5,2,Market,Filled,31089,"Liquidated" 
2023-07-26T18:02:00Z,NQ15U23,15583,2,Market,Filled,31166,"" 
2023-07-26T19:07:00Z,NQ15U23,15587.25,-2,Market,Filled,-31174.5,"Liquidated" 
2023-07-26T19:08:00Z,NQ15U23,15569.75,-1,Market,Filled,-15569.75,"" 
2023-07-27T18:34:00Z,NQ15U23,15601.25,1,Market,Filled,15601.25,"Liquidated" 
2023-07-27T18:35:00Z,NQ15U23,15608,-1,Market,Filled,-15608,"" 
2023-08-02T13:45:00Z,NQ15U23,15607.5,1,Market,Filled,15607.5,"Liquidated" 
2023-08-02T13:46:00Z,NQ15U23,15611.5,-1,Market,Filled,-15611.5,"" 
2023-08-31T14:15:00Z,NQ15U23,15582.25,1,Market,Filled,15582.25,"Liquidated" 
2023-08-31T14:16:00Z,NQ15U23,15581,1,Market,Filled,15581,"" 
2023-08-31T15:17:00Z,NQ15U23,15578.25,-1,Market,Filled,-15578.25,"Liquidated" 
2023-08-31T15:21:00Z,NQ15U23,15560.5,-2,Market,Filled,-31121,"" 
2023-08-31T17:15:00Z,NQ15U23,15548.25,2,Market,Filled,31096.5,"Liquidated" 
2023-09-01T13:45:00Z,NQ15U23,15553,-1,Market,Filled,-15553,"" 
2023-09-01T14:46:00Z,NQ15U23,15536.75,1,Market,Filled,15536.75,"Liquidated" 
2023-09-01T14:47:00Z,NQ15U23,15519.5,-1,Market,Filled,-15519.5,"" 
2023-09-01T17:16:00Z,NQ15U23,15509.25,1,Market,Filled,15509.25,"Liquidated" 
2023-09-05T13:45:00Z,NQ15U23,15461.75,-1,Market,Filled,-15461.75,"" 
2023-09-06T13:48:00Z,NQ15U23,15479.75,1,Market,Filled,15479.75,"Liquidated" 
2023-09-06T13:49:00Z,NQ15U23,15475,-1,Market,Filled,-15475,"" 
2023-09-16T04:00:00Z,NQ15U23,15444.625,1,Market,Filled,15444.625,"Liquidate from delisting" 
2023-09-18T14:06:00Z,NQ15Z23,15404.75,-1,Market,Filled,-15404.75,"" 
2023-09-18T15:07:00Z,NQ15Z23,15396,1,Market,Filled,15396,"Liquidated" 
2023-09-18T15:08:00Z,NQ15Z23,15406,2,Market,Filled,30812,"" 
2023-09-18T18:51:00Z,NQ15Z23,15411.5,-2,Market,Filled,-30823,"Liquidated" 
2023-09-19T13:45:00Z,NQ15Z23,15351,-1,Market,Filled,-15351,"" 
2023-09-19T17:32:00Z,NQ15Z23,15337.5,1,Market,Filled,15337.5,"Liquidated" 
2023-09-20T13:51:00Z,NQ15Z23,15408.5,2,Market,Filled,30817,"" 
2023-09-20T18:32:00Z,NQ15Z23,15373.25,-2,Market,Filled,-30746.5,"Liquidated" 
2023-09-20T18:33:00Z,NQ15Z23,15384.75,1,Market,Filled,15384.75,"" 
2023-10-11T14:53:00Z,NQ15Z23,15358.75,-1,Market,Filled,-15358.75,"Liquidated" 
2023-10-11T14:54:00Z,NQ15Z23,15360.25,1,Market,Filled,15360.25,"" 
2023-10-11T19:29:00Z,NQ15Z23,15343.75,-1,Market,Filled,-15343.75,"Liquidated" 
2023-10-12T13:45:00Z,NQ15Z23,15379.5,-1,Market,Filled,-15379.5,"" 
2023-10-13T13:56:00Z,NQ15Z23,15351,1,Market,Filled,15351,"Liquidated" 
2023-10-13T13:57:00Z,NQ15Z23,15360,1,Market,Filled,15360,"" 
2023-11-07T15:29:00Z,NQ15Z23,15335.25,-1,Market,Filled,-15335.25,"Liquidated" 
2023-11-07T15:30:00Z,NQ15Z23,15338.25,2,Market,Filled,30676.5,"" 
2023-11-08T15:04:00Z,NQ15Z23,15352.75,-2,Market,Filled,-30705.5,"Liquidated" 
2023-11-08T15:05:00Z,NQ15Z23,15356.25,-2,Market,Filled,-30712.5,"" 
2023-11-08T16:06:00Z,NQ15Z23,15352,2,Market,Filled,30704,"Liquidated" 
2023-11-09T15:01:00Z,NQ15Z23,15406.75,2,Market,Filled,30813.5,"" 
2023-11-09T16:02:00Z,NQ15Z23,15394.75,-2,Market,Filled,-30789.5,"Liquidated" 
2023-11-09T18:15:00Z,NQ15Z23,15374.75,-1,Market,Filled,-15374.75,"" 
2023-11-10T14:45:00Z,NQ15Z23,15380.5,1,Market,Filled,15380.5,"Liquidated" 
2023-11-10T14:46:00Z,NQ15Z23,15371.5,1,Market,Filled,15371.5,"" 
2023-11-10T15:47:00Z,NQ15Z23,15346.5,-1,Market,Filled,-15346.5,"Liquidated" 
2023-11-10T15:48:00Z,NQ15Z23,15359.75,1,Market,Filled,15359.75,"" 
2023-12-16T05:00:00Z,NQ15Z23,16559.75,-1,Market,Filled,-16559.75,"Liquidate from delisting" 
2023-12-19T14:46:00Z,NQ15H24,16979.75,2,Market,Filled,33959.5,"" 
2023-12-19T15:47:00Z,NQ15H24,16971,-2,Market,Filled,-33942,"Liquidated" 
2023-12-20T19:48:00Z,NQ15H24,16936,-2,Market,Filled,-33872,"" 
2023-12-21T14:45:00Z,NQ15H24,16931.25,2,Market,Filled,33862.5,"Liquidated" 
2023-12-21T14:46:00Z,NQ15H24,16919.5,1,Market,Filled,16919.5,"" 
2023-12-21T15:47:00Z,NQ15H24,16898.25,-1,Market,Filled,-16898.25,"Liquidated" 
2023-12-21T15:48:00Z,NQ15H24,16897.5,1,Market,Filled,16897.5,"" 
2023-12-21T18:32:00Z,NQ15H24,16871.75,-1,Market,Filled,-16871.75,"Liquidated" 
2023-12-21T18:33:00Z,NQ15H24,16870.5,1,Market,Filled,16870.5,"" 
2023-12-21T19:34:00Z,NQ15H24,16885.75,-1,Market,Filled,-16885.75,"Liquidated" 
2023-12-22T14:45:00Z,NQ15H24,17033,2,Market,Filled,34066,"" 
2023-12-22T15:46:00Z,NQ15H24,17027.25,-2,Market,Filled,-34054.5,"Liquidated" 
2023-12-22T16:08:00Z,NQ15H24,16981.25,-2,Market,Filled,-33962.5,"" 
2023-12-22T19:04:00Z,NQ15H24,16991.75,2,Market,Filled,33983.5,"Liquidated" 
2023-12-22T19:19:00Z,NQ15H24,16945.5,-2,Market,Filled,-33891,"" 
2023-12-29T16:17:00Z,NQ15H24,16956.25,2,Market,Filled,33912.5,"Liquidated" 
2023-12-29T16:18:00Z,NQ15H24,16962,-1,Market,Filled,-16962,"" 
2024-01-10T19:14:00Z,NQ15H24,16956.25,1,Market,Filled,16956.25,"Liquidated" 
2024-01-10T20:26:00Z,NQ15H24,16938,-2,Market,Filled,-33876,"" 
2024-01-11T14:46:00Z,NQ15H24,16967.5,2,Market,Filled,33935,"Liquidated" 
2024-01-11T14:47:00Z,NQ15H24,16972.75,-1,Market,Filled,-16972.75,"" 
2024-01-11T19:31:00Z,NQ15H24,16954,1,Market,Filled,16954,"Liquidated" 
2024-01-12T14:45:00Z,NQ15H24,17036.25,1,Market,Filled,17036.25,"" 
2024-01-16T15:41:00Z,NQ15H24,17009,-1,Market,Filled,-17009,"Liquidated" 
2024-01-16T15:42:00Z,NQ15H24,17013.25,1,Market,Filled,17013.25,"" 
2024-01-18T14:45:00Z,NQ15H24,17029,-1,Market,Filled,-17029,"Liquidated" 
2024-01-18T14:46:00Z,NQ15H24,17031.75,1,Market,Filled,17031.75,"" 
2024-01-18T15:58:00Z,NQ15H24,17049.75,-1,Market,Filled,-17049.75,"Liquidated" 
2024-01-18T15:59:00Z,NQ15H24,17049.5,1,Market,Filled,17049.5,"" 
2024-01-18T19:09:00Z,NQ15H24,17037.75,-1,Market,Filled,-17037.75,"Liquidated" 
2024-01-18T19:50:00Z,NQ15H24,17095,2,Market,Filled,34190,"" 
2024-03-16T04:00:00Z,NQ15H24,17875,-2,Market,Filled,-35750,"Liquidate from delisting" 
2024-03-25T14:06:00Z,NQ21M24,18480.5,1,Market,Filled,18480.5,"" 
2024-03-26T19:33:00Z,NQ21M24,18491.75,-1,Market,Filled,-18491.75,"Liquidated" 
2024-03-27T13:45:00Z,NQ21M24,18492,-1,Market,Filled,-18492,"" 
2024-03-27T19:40:00Z,NQ21M24,18476.75,1,Market,Filled,18476.75,"Liquidated" 
2024-03-28T13:46:00Z,NQ21M24,18515,2,Market,Filled,37030,"" 
2024-03-28T14:47:00Z,NQ21M24,18504.75,-2,Market,Filled,-37009.5,"Liquidated" 
2024-04-01T13:45:00Z,NQ21M24,18587.75,2,Market,Filled,37175.5,"" 
2024-05-15T14:49:00Z,NQ21M24,18570.5,-2,Market,Filled,-37141,"Liquidated" 
2024-05-16T17:26:00Z,NQ21M24,18693.5,-2,Market,Filled,-37387,"" 
2024-05-16T18:27:00Z,NQ21M24,18681.25,2,Market,Filled,37362.5,"Liquidated" 
2024-05-21T13:49:00Z,NQ21M24,18689.75,-2,Market,Filled,-37379.5,"" 
2024-05-22T18:04:00Z,NQ21M24,18717.5,2,Market,Filled,37435,"Liquidated" 
2024-05-22T18:05:00Z,NQ21M24,18735.5,-1,Market,Filled,-18735.5,"" 
2024-05-22T19:06:00Z,NQ21M24,18735.75,1,Market,Filled,18735.75,"Liquidated" 
2024-05-22T19:21:00Z,NQ21M24,18719,-2,Market,Filled,-37438,"" 
2024-05-23T17:52:00Z,NQ21M24,18747.75,2,Market,Filled,37495.5,"Liquidated" 
2024-05-23T17:53:00Z,NQ21M24,18738,-1,Market,Filled,-18738,"" 
2024-05-24T13:49:00Z,NQ21M24,18756.75,1,Market,Filled,18756.75,"Liquidated" 
2024-05-24T13:50:00Z,NQ21M24,18760.75,1,Market,Filled,18760.75,"" 
2024-05-29T13:45:00Z,NQ21M24,18787.5,-1,Market,Filled,-18787.5,"Liquidated" 
2024-05-29T13:46:00Z,NQ21M24,18797,-1,Market,Filled,-18797,"" 
2024-06-05T13:51:00Z,NQ21M24,18827,1,Market,Filled,18827,"Liquidated" 
2024-06-05T13:52:00Z,NQ21M24,18841,1,Market,Filled,18841,"" 
2024-06-22T04:00:00Z,NQ21M24,19759.125,-1,Market,Filled,-19759.125,"Liquidate from delisting" 
2024-06-24T14:06:00Z,NQ20U24,19965.25,1,Market,Filled,19965.25,"" 
2024-06-25T18:29:00Z,NQ20U24,19954,-1,Market,Filled,-19954,"Liquidated" 
2024-06-26T13:45:00Z,NQ20U24,19947,-1,Market,Filled,-19947,"" 
2024-06-26T15:00:00Z,NQ20U24,19974.75,1,Market,Filled,19974.75,"Liquidated" 
2024-06-26T15:01:00Z,NQ20U24,19969.5,-1,Market,Filled,-19969.5,"" 
2024-06-26T17:15:00Z,NQ20U24,19978.25,1,Market,Filled,19978.25,"Liquidated" 
2024-06-26T17:20:00Z,NQ20U24,19946.5,-2,Market,Filled,-39893,"" 
2024-06-26T18:39:00Z,NQ20U24,19963.25,2,Market,Filled,39926.5,"Liquidated" 
2024-06-27T13:45:00Z,NQ20U24,20075.25,1,Market,Filled,20075.25,"" 
2024-06-27T14:46:00Z,NQ20U24,20044,-1,Market,Filled,-20044,"Liquidated" 
2024-06-27T14:47:00Z,NQ20U24,20036.25,-1,Market,Filled,-20036.25,"" 
2024-06-27T17:15:00Z,NQ20U24,20038.25,1,Market,Filled,20038.25,"Liquidated" 
2024-06-28T13:45:00Z,NQ20U24,20103.5,2,Market,Filled,40207,"" 
2024-06-28T14:58:00Z,NQ20U24,20125.25,-2,Market,Filled,-40250.5,"Liquidated" 
2024-06-28T14:59:00Z,NQ20U24,20136.25,-1,Market,Filled,-20136.25,"" 
2024-07-02T14:51:00Z,NQ20U24,20105,1,Market,Filled,20105,"Liquidated" 
2024-07-02T14:52:00Z,NQ20U24,20097.25,1,Market,Filled,20097.25,"" 
2024-07-17T14:07:00Z,NQ20U24,20136.25,-1,Market,Filled,-20136.25,"Liquidated" 
2024-07-17T14:08:00Z,NQ20U24,20127.25,-1,Market,Filled,-20127.25,"" 
2024-07-17T15:09:00Z,NQ20U24,20123.25,1,Market,Filled,20123.25,"Liquidated" 
2024-07-17T15:10:00Z,NQ20U24,20130.75,-1,Market,Filled,-20130.75,"" 
2024-07-18T14:06:00Z,NQ20U24,20092.5,1,Market,Filled,20092.5,"Liquidated" 
2024-07-18T14:07:00Z,NQ20U24,20090.75,1,Market,Filled,20090.75,"" 
2024-07-23T15:17:00Z,NQ20U24,20069.25,-1,Market,Filled,-20069.25,"Liquidated" 
2024-07-23T15:18:00Z,NQ20U24,20064.5,1,Market,Filled,20064.5,"" 
2024-09-21T04:00:00Z,NQ20U24,19800.625,-1,Market,Filled,-19800.625,"Liquidate from delisting" 
2024-09-23T14:06:00Z,NQ20Z24,20077.75,1,Market,Filled,20077.75,"" 
2024-09-23T15:07:00Z,NQ20Z24,20060.25,-1,Market,Filled,-20060.25,"Liquidated" 
2024-09-23T15:08:00Z,NQ20Z24,20061.25,-1,Market,Filled,-20061.25,"" 
2024-09-23T17:16:00Z,NQ20Z24,20040,1,Market,Filled,20040,"Liquidated" 
2024-09-23T17:17:00Z,NQ20Z24,20032.5,-2,Market,Filled,-40065,"" 
2024-09-24T14:01:00Z,NQ20Z24,20039.25,2,Market,Filled,40078.5,"Liquidated" 
2024-09-24T14:02:00Z,NQ20Z24,20041.5,-1,Market,Filled,-20041.5,"" 
2024-09-24T15:03:00Z,NQ20Z24,20071.75,1,Market,Filled,20071.75,"Liquidated" 
2024-09-24T15:04:00Z,NQ20Z24,20075,1,Market,Filled,20075,"" 
2024-09-30T18:21:00Z,NQ20Z24,20101.5,-1,Market,Filled,-20101.5,"Liquidated" 
2024-09-30T18:22:00Z,NQ20Z24,20089,-1,Market,Filled,-20089,"" 
2024-10-01T13:45:00Z,NQ20Z24,20102,1,Market,Filled,20102,"Liquidated" 
2024-10-01T13:46:00Z,NQ20Z24,20077.75,-1,Market,Filled,-20077.75,"" 
2024-10-01T18:17:00Z,NQ20Z24,20056,1,Market,Filled,20056,"Liquidated" 
2024-10-01T18:18:00Z,NQ20Z24,20044,1,Market,Filled,20044,"" 
2024-10-01T19:19:00Z,NQ20Z24,20032.5,-1,Market,Filled,-20032.5,"Liquidated" 
2024-10-01T19:20:00Z,NQ20Z24,20036.25,-1,Market,Filled,-20036.25,"" 
2024-10-02T14:20:00Z,NQ20Z24,19998,1,Market,Filled,19998,"Liquidated" 
2024-10-02T14:21:00Z,NQ20Z24,19992.75,1,Market,Filled,19992.75,"" 
2024-10-02T17:15:00Z,NQ20Z24,19994.25,-1,Market,Filled,-19994.25,"Liquidated" 
2024-10-02T17:16:00Z,NQ20Z24,19991.25,-1,Market,Filled,-19991.25,"" 
2024-10-02T18:29:00Z,NQ20Z24,20015.25,1,Market,Filled,20015.25,"Liquidated" 
2024-10-02T18:30:00Z,NQ20Z24,20020.25,-1,Market,Filled,-20020.25,"" 
2024-10-02T19:32:00Z,NQ20Z24,20035,1,Market,Filled,20035,"Liquidated" 
2024-10-03T13:45:00Z,NQ20Z24,19992.5,-1,Market,Filled,-19992.5,"" 
2024-10-03T14:46:00Z,NQ20Z24,19941.25,1,Market,Filled,19941.25,"Liquidated" 
2024-10-03T14:47:00Z,NQ20Z24,19987,-1,Market,Filled,-19987,"" 
2024-10-03T17:24:00Z,NQ20Z24,19957.5,1,Market,Filled,19957.5,"Liquidated" 
2024-10-03T17:25:00Z,NQ20Z24,19948.5,1,Market,Filled,19948.5,"" 
2024-10-03T18:26:00Z,NQ20Z24,19957,-1,Market,Filled,-19957,"Liquidated" 
2024-10-03T18:27:00Z,NQ20Z24,19946.25,-1,Market,Filled,-19946.25,"" 
2024-10-03T19:28:00Z,NQ20Z24,19937.5,1,Market,Filled,19937.5,"Liquidated" 
2024-10-04T13:45:00Z,NQ20Z24,20200.75,1,Market,Filled,20200.75,"" 
2024-10-04T19:22:00Z,NQ20Z24,20188.5,-1,Market,Filled,-20188.5,"Liquidated" 
2024-10-07T13:45:00Z,NQ20Z24,20117.25,-1,Market,Filled,-20117.25,"" 
2024-10-07T14:46:00Z,NQ20Z24,20152.5,1,Market,Filled,20152.5,"Liquidated" 
2024-10-07T14:47:00Z,NQ20Z24,20137,-1,Market,Filled,-20137,"" 
2024-10-07T17:15:00Z,NQ20Z24,20152.5,1,Market,Filled,20152.5,"Liquidated" 
2024-10-07T18:31:00Z,NQ20Z24,20081.75,-1,Market,Filled,-20081.75,"" 
2024-10-08T13:45:00Z,NQ20Z24,20102.75,1,Market,Filled,20102.75,"Liquidated" 
2024-10-08T13:46:00Z,NQ20Z24,20085.5,1,Market,Filled,20085.5,"" 
2024-10-23T18:05:00Z,NQ20Z24,20104.75,-1,Market,Filled,-20104.75,"Liquidated" 
2024-10-23T18:06:00Z,NQ20Z24,20107.25,-1,Market,Filled,-20107.25,"" 
2024-10-31T13:51:00Z,NQ20Z24,20161.5,1,Market,Filled,20161.5,"Liquidated" 
2024-10-31T13:52:00Z,NQ20Z24,20175.5,-1,Market,Filled,-20175.5,"" 
2024-11-01T13:45:00Z,NQ20Z24,20150.75,1,Market,Filled,20150.75,"Liquidated" 
2024-11-01T13:46:00Z,NQ20Z24,20142.25,1,Market,Filled,20142.25,"" 
2024-11-01T14:47:00Z,NQ20Z24,20166.25,-1,Market,Filled,-20166.25,"Liquidated" 
2024-11-01T14:48:00Z,NQ20Z24,20182,-1,Market,Filled,-20182,"" 
2024-11-01T17:15:00Z,NQ20Z24,20206.25,1,Market,Filled,20206.25,"Liquidated" 
2024-11-01T17:16:00Z,NQ20Z24,20211.75,-1,Market,Filled,-20211.75,"" 
2024-11-01T19:10:00Z,NQ20Z24,20193.5,1,Market,Filled,20193.5,"Liquidated" 
2024-11-01T19:11:00Z,NQ20Z24,20195.5,2,Market,Filled,40391,"" 
2024-11-04T15:19:00Z,NQ20Z24,20161.75,-2,Market,Filled,-40323.5,"Liquidated" 
2024-11-04T15:20:00Z,NQ20Z24,20161.25,1,Market,Filled,20161.25,"" 
2024-11-04T16:22:00Z,NQ20Z24,20185.5,-1,Market,Filled,-20185.5,"Liquidated" 
2024-11-04T16:23:00Z,NQ20Z24,20188.75,-1,Market,Filled,-20188.75,"" 
2024-11-04T18:46:00Z,NQ20Z24,20168.25,1,Market,Filled,20168.25,"Liquidated" 
2024-11-04T20:44:00Z,NQ20Z24,20106.75,-2,Market,Filled,-40213.5,"" 
2024-12-21T05:00:00Z,NQ20Z24,21031.75,2,Market,Filled,42063.5,"Liquidate from delisting" 
2024-12-23T15:06:00Z,NQ21H25,21589.25,1,Market,Filled,21589.25,"" 
2024-12-23T16:07:00Z,NQ21H25,21604,-1,Market,Filled,-21604,"Liquidated" 
2024-12-23T16:08:00Z,NQ21H25,21605.5,1,Market,Filled,21605.5,"" 
2024-12-27T15:01:00Z,NQ21H25,21654.75,-1,Market,Filled,-21654.75,"Liquidated" 
2024-12-27T15:02:00Z,NQ21H25,21623.75,-1,Market,Filled,-21623.75,"" 
2024-12-27T16:26:00Z,NQ21H25,21597,1,Market,Filled,21597,"Liquidated" 
2024-12-27T16:27:00Z,NQ21H25,21594.5,1,Market,Filled,21594.5,"" 
2024-12-27T18:15:00Z,NQ21H25,21582.5,-1,Market,Filled,-21582.5,"Liquidated" 
2024-12-27T18:16:00Z,NQ21H25,21596,1,Market,Filled,21596,"" 
2024-12-27T20:44:00Z,NQ21H25,21618.75,-1,Market,Filled,-21618.75,"Liquidated" 
2024-12-27T20:45:00Z,NQ21H25,21613,-1,Market,Filled,-21613,"" 
2025-01-07T15:01:00Z,NQ21H25,21653.75,1,Market,Filled,21653.75,"Liquidated" 
2025-01-07T15:02:00Z,NQ21H25,21621.75,-1,Market,Filled,-21621.75,"" 
2025-01-17T15:06:00Z,NQ21H25,21564.25,1,Market,Filled,21564.25,"Liquidated" 
2025-01-17T15:07:00Z,NQ21H25,21567,1,Market,Filled,21567,"" 
2025-01-17T16:08:00Z,NQ21H25,21587.25,-1,Market,Filled,-21587.25,"Liquidated" 
2025-01-17T16:09:00Z,NQ21H25,21587.75,1,Market,Filled,21587.75,"" 
2025-01-17T20:01:00Z,NQ21H25,21597.25,-1,Market,Filled,-21597.25,"Liquidated" 
2025-01-17T20:10:00Z,NQ21H25,21617.25,-2,Market,Filled,-43234.5,"" 
2025-01-21T14:45:00Z,NQ21H25,21618.75,2,Market,Filled,43237.5,"Liquidated" 
2025-01-21T14:46:00Z,NQ21H25,21632.25,1,Market,Filled,21632.25,"" 
2025-01-21T15:47:00Z,NQ21H25,21608.5,-1,Market,Filled,-21608.5,"Liquidated" 
2025-01-21T15:48:00Z,NQ21H25,21622.5,1,Market,Filled,21622.5,"" 
2025-01-28T19:46:00Z,NQ21H25,21607,-1,Market,Filled,-21607,"Liquidated" 
2025-01-29T14:45:00Z,NQ21H25,21507.25,-1,Market,Filled,-21507.25,"" 
2025-01-29T15:46:00Z,NQ21H25,21480.75,1,Market,Filled,21480.75,"Liquidated" 
2025-01-29T15:47:00Z,NQ21H25,21463,-1,Market,Filled,-21463,"" 
2025-01-29T18:15:00Z,NQ21H25,21457.75,1,Market,Filled,21457.75,"Liquidated" 
2025-01-29T18:16:00Z,NQ21H25,21457.75,-1,Market,Filled,-21457.75,"" 
2025-01-29T19:17:00Z,NQ21H25,21414.5,1,Market,Filled,21414.5,"Liquidated" 
2025-01-29T19:18:00Z,NQ21H25,21388.25,-1,Market,Filled,-21388.25,"" 
2025-01-30T16:15:00Z,NQ21H25,21425.75,1,Market,Filled,21425.75,"Liquidated" 
2025-01-30T16:16:00Z,NQ21H25,21451.25,-1,Market,Filled,-21451.25,"" 
2025-02-03T15:34:00Z,NQ21H25,21370.25,1,Market,Filled,21370.25,"Liquidated" 
2025-02-03T15:35:00Z,NQ21H25,21370.5,1,Market,Filled,21370.5,"" 
2025-02-03T18:15:00Z,NQ21H25,21407.75,-1,Market,Filled,-21407.75,"Liquidated" 
2025-02-03T18:16:00Z,NQ21H25,21419,1,Market,Filled,21419,"" 
2025-02-03T20:42:00Z,NQ21H25,21439.25,-1,Market,Filled,-21439.25,"Liquidated" 
2025-02-03T20:43:00Z,NQ21H25,21433,-1,Market,Filled,-21433,"" 
2025-02-24T15:06:00Z,NQ21H25,21479.5,1,Market,Filled,21479.5,"Liquidated" 
2025-02-24T15:07:00Z,NQ21H25,21463.25,-1,Market,Filled,-21463.25,"" 
2025-03-22T04:00:00Z,NQ21H25,19429.125,1,Market,Filled,19429.125,"Liquidate from delisting" 
2025-03-24T14:06:00Z,NQ20M25,20315.25,1,Market,Filled,20315.25,"" 
2025-03-24T17:15:00Z,NQ20M25,20322,-1,Market,Filled,-20322,"Liquidated" 
2025-03-24T18:41:00Z,NQ20M25,20353.25,2,Market,Filled,40706.5,"" 
2025-03-24T19:42:00Z,NQ20M25,20365.25,-2,Market,Filled,-40730.5,"Liquidated" 
2025-03-25T13:45:00Z,NQ20M25,20394.5,1,Market,Filled,20394.5,"" 
2025-03-25T17:30:00Z,NQ20M25,20408.25,-1,Market,Filled,-20408.25,"Liquidated" 
2025-03-26T13:45:00Z,NQ20M25,20445,-1,Market,Filled,-20445,"" 
